{"PrefubPath":"Prefabs/Prototype/ZombieBot","Name":"ZombieBot (3)","Tag":"Untagged","Layer":19,"Position":{"x":16.899999618530275,"y":-0.010000109672546387,"z":-2.035282850265503},"Rotation":{"x":0.0,"y":-0.6550688743591309,"z":0.0,"w":0.7555692195892334},"LocalScale":{"x":1.0,"y":1.0,"z":1.0},"ParentObjectName":"[Zombies]"}
{"PrefubPath":"Prefabs/Prototype/ZombieBot","Name":"ZombieBot (2)","Tag":"Untagged","Layer":19,"Position":{"x":8.842108726501465,"y":-0.010000109672546387,"z":13.044716835021973},"Rotation":{"x":0.0,"y":-0.9754477143287659,"z":0.0,"w":0.2202313244342804},"LocalScale":{"x":1.0,"y":1.0,"z":1.0},"ParentObjectName":"[Zombies]"}
{"PrefubPath":"Prefabs/Prototype/ZombieBot","Name":"ZombieBot","Tag":"Untagged","Layer":19,"Position":{"x":-0.6578903198242188,"y":-0.010000097565352917,"z":-2.035282850265503},"Rotation":{"x":0.0,"y":0.0,"z":0.0,"w":1.0},"LocalScale":{"x":1.0,"y":1.0,"z":1.0},"ParentObjectName":"[Zombies]"}
{"PrefubPath":"Prefabs/Prototype/ZombieBot","Name":"ZombieBot (1)","Tag":"Untagged","Layer":19,"Position":{"x":31.442108154296876,"y":-0.010000097565352917,"z":12.344717025756836},"Rotation":{"x":0.0,"y":0.0,"z":0.0,"w":1.0},"LocalScale":{"x":1.0,"y":1.0,"z":1.0},"ParentObjectName":"[Zombies]"}
