{"cameraMode":{"drawMode":0,"name":"Shaded","section":"Shading Mode"},"sceneLighting":true,"audioPlay":false,"sceneViewState":{"m_AlwaysRefresh":false,"showFog":true,"showSkybox":true,"showFlares":true,"showImageEffects":true,"showParticleSystems":true,"showVisualEffectGraphs":true,"m_FxEnabled":true},"in2DMode":false,"pivot":{"x":44.817848205566409,"y":3.4615325927734377,"z":-40.71540832519531},"rotation":{"x":0.31383946537971499,"y":0.42199644446372988,"z":-0.15775583684444428,"w":0.8361188173294067},"size":80.08782196044922,"orthographic":false}